Event Name                                                       ,    Lat ,Lng     ,Depth(km), Mag
GCMT_event_AEGEAN_SEA_Mag_5.8_2013-1-8-14                        ,39.6,25.6,14.0,5.8
GCMT_event_AFGHANISTAN-TAJIKISTAN_BORD_REG._Mag_5.7_2011-11-7-11 ,36.6,71.0,222.0,5.7
GCMT_event_AFGHANISTAN-TAJIKISTAN_BORD_REG._Mag_5.7_2012-5-12-23 ,38.7,70.2,21.0,5.7
GCMT_event_AFGHANISTAN-TAJIKISTAN_BORD_REG._Mag_5.7_2012-7-19-7  ,37.1,71.2,110.0,5.7
GCMT_event_ARMENIA-AZERBAIJAN-IRAN_BORD_REG_Mag_6.5_2012-8-11-12 ,38.3,46.8,15.0,6.5
GCMT_event_ASCENSION_ISLAND_REGION_Mag_5.6_2007-9-26-18          ,-6.7,-11.6,12.0,5.6
GCMT_event_ASCENSION_ISLAND_REGION_Mag_6.0_2011-8-10-23          ,-6.9,-12.6,18.0,6.0
GCMT_event_AZORES-CAPE_ST._VINCENT_RIDGE_Mag_6.0_2007-2-12-10    ,35.9,-10.4,44.0,6.0
GCMT_event_AZORES_ISLANDS_REGION_Mag_5.8_2013-4-30-6             ,37.6,-24.6,13.0,5.8
GCMT_event_AZORES_ISLANDS_REGION_Mag_5.9_2009-11-4-18            ,36.2,-33.9,12.0,5.9
GCMT_event_AZORES_ISLANDS_REGION_Mag_6.0_2007-4-7-7              ,37.4,-24.4,12.0,6.0
GCMT_event_BOUVET_ISLAND_REGION_Mag_5.5_2008-6-1-0               ,-54.9,1.6,24.0,5.5
GCMT_event_BOUVET_ISLAND_REGION_Mag_5.6_2007-4-30-15             ,-54.0,6.8,15.0,5.6
GCMT_event_BOUVET_ISLAND_REGION_Mag_6.1_2009-6-16-20             ,-54.4,6.3,12.0,6.1
GCMT_event_BOUVET_ISLAND_REGION_Mag_6.5_2007-6-24-0              ,-55.8,-1.7,15.0,6.5
GCMT_event_BULGARIA_Mag_5.6_2012-5-22-0                          ,42.5,23.1,12.0,5.6
GCMT_event_CARLSBERG_RIDGE_Mag_5.5_2009-3-23-4                   ,9.7,57.8,12.0,5.5
GCMT_event_CARLSBERG_RIDGE_Mag_5.5_2012-3-17-17                  ,3.7,63.4,12.0,5.5
GCMT_event_CARLSBERG_RIDGE_Mag_5.5_2013-9-24-7                   ,7.5,59.5,12.0,5.5
GCMT_event_CARLSBERG_RIDGE_Mag_5.6_2009-11-8-20                  ,6.5,60.3,12.0,5.6
GCMT_event_CARLSBERG_RIDGE_Mag_5.6_2012-11-6-6                   ,9.9,57.0,12.0,5.6
GCMT_event_CARLSBERG_RIDGE_Mag_5.6_2012-4-24-9                   ,5.7,61.4,12.0,5.6
GCMT_event_CARLSBERG_RIDGE_Mag_5.6_2013-11-8-9                   ,-1.3,67.5,15.0,5.6
GCMT_event_CARLSBERG_RIDGE_Mag_5.7_2008-9-26-18                  ,3.0,65.4,12.0,5.7
GCMT_event_CARLSBERG_RIDGE_Mag_5.7_2009-1-9-3                    ,10.5,56.8,13.0,5.7
GCMT_event_CARLSBERG_RIDGE_Mag_6.2_2007-1-17-23                  ,10.2,58.6,22.0,6.2
GCMT_event_CENTRAL_ITALY_Mag_5.5_2009-4-7-17                     ,42.3,13.4,17.0,5.5
GCMT_event_CENTRAL_MID-ATLANTIC_RIDGE_Mag_5.5_2012-8-16-12       ,7.7,-37.0,20.0,5.5
GCMT_event_CENTRAL_MID-ATLANTIC_RIDGE_Mag_5.6_2008-10-3-5        ,7.8,-37.2,24.0,5.6
GCMT_event_CENTRAL_MID-ATLANTIC_RIDGE_Mag_5.6_2009-1-2-19        ,0.9,-27.0,14.0,5.6
GCMT_event_CENTRAL_MID-ATLANTIC_RIDGE_Mag_5.6_2010-8-2-3         ,7.2,-34.4,18.0,5.6
GCMT_event_CENTRAL_MID-ATLANTIC_RIDGE_Mag_5.6_2011-7-8-5         ,1.1,-26.4,12.0,5.6
GCMT_event_CENTRAL_MID-ATLANTIC_RIDGE_Mag_5.6_2013-2-18-3        ,5.8,-32.9,12.0,5.6
GCMT_event_CENTRAL_MID-ATLANTIC_RIDGE_Mag_5.7_2012-11-3-12       ,7.3,-34.0,15.0,5.7
GCMT_event_CENTRAL_MID-ATLANTIC_RIDGE_Mag_5.8_2008-9-16-7        ,0.9,-28.8,20.0,5.8
GCMT_event_CENTRAL_MID-ATLANTIC_RIDGE_Mag_5.9_2008-7-27-21       ,-0.0,-18.2,23.0,5.9
GCMT_event_CENTRAL_MID-ATLANTIC_RIDGE_Mag_6.0_2008-8-11-23       ,-0.8,-21.8,24.0,6.0
GCMT_event_CENTRAL_MID-ATLANTIC_RIDGE_Mag_6.1_2011-5-15-13       ,0.9,-25.6,12.0,6.1
GCMT_event_CENTRAL_MID-ATLANTIC_RIDGE_Mag_6.3_2007-7-3-8         ,0.8,-30.0,17.0,6.3
GCMT_event_CENTRAL_MID-ATLANTIC_RIDGE_Mag_6.4_2009-12-9-16       ,-0.6,-20.8,26.0,6.4
GCMT_event_CENTRAL_MID-ATLANTIC_RIDGE_Mag_6.5_2007-8-20-22       ,8.2,-39.2,12.0,6.5
GCMT_event_CENTRAL_MID-ATLANTIC_RIDGE_Mag_6.5_2008-4-24-12       ,-1.1,-23.9,15.0,6.5
GCMT_event_CENTRAL_MID-ATLANTIC_RIDGE_Mag_6.5_2008-5-23-19       ,7.5,-35.0,12.0,6.5
GCMT_event_CENTRAL_MID-ATLANTIC_RIDGE_Mag_6.6_2008-9-10-13       ,8.2,-38.5,15.0,6.6
GCMT_event_CHAGOS_ARCHIPELAGO_REGION_Mag_5.6_2009-4-5-12         ,-5.4,68.6,12.0,5.6
GCMT_event_CHAGOS_ARCHIPELAGO_REGION_Mag_5.7_2008-4-2-14         ,-5.0,69.2,12.0,5.7
"GCMT_event_CRETE,_GREECE_Mag_5.5_2008-3-28-0                     ",34.4,25.3,59.0,5.5
"GCMT_event_CRETE,_GREECE_Mag_5.7_2011-2-28-7                     ",34.7,25.6,32.0,5.7
"GCMT_event_CRETE,_GREECE_Mag_6.1_2011-4-1-13                     ",35.5,26.7,75.0,6.1
"GCMT_event_CRETE,_GREECE_Mag_6.3_2013-6-15-16                    ",34.2,25.1,12.0,6.3
"GCMT_event_CRETE,_GREECE_Mag_6.4_2009-7-1-9                      ",34.0,25.5,12.0,6.4
"GCMT_event_DODECANESE_ISLANDS,_GREECE_Mag_6.4_2008-7-15-3        ",35.7,27.7,42.0,6.4
GCMT_event_EASTERN_CAUCASUS_Mag_5.6_2012-10-14-10                ,41.6,46.3,12.0,5.6
GCMT_event_EASTERN_CAUCASUS_Mag_5.8_2008-10-11-9                 ,43.4,46.2,13.0,5.8
GCMT_event_EASTERN_CAUCASUS_Mag_5.9_2012-5-7-4                   ,41.5,46.7,15.0,5.9
GCMT_event_EASTERN_GULF_OF_ADEN_Mag_5.7_2007-8-2-13              ,12.6,47.5,16.0,5.7
GCMT_event_EASTERN_MEDITERRANEAN_SEA_Mag_5.7_2009-6-19-14        ,35.1,28.5,21.0,5.7
GCMT_event_EASTERN_MEDITERRANEAN_SEA_Mag_5.7_2012-7-9-13         ,35.4,29.0,71.0,5.7
GCMT_event_EASTERN_MEDITERRANEAN_SEA_Mag_5.9_2013-12-28-15       ,35.8,31.0,52.0,5.9
GCMT_event_EAST_OF_SOUTH_SANDWICH_ISLANDS_Mag_5.6_2008-7-1-1     ,-58.4,-21.6,12.0,5.6
GCMT_event_EAST_OF_SOUTH_SANDWICH_ISLANDS_Mag_5.6_2011-2-28-11   ,-59.3,-17.2,15.0,5.6
GCMT_event_EAST_OF_SOUTH_SANDWICH_ISLANDS_Mag_5.7_2010-12-7-5    ,-58.1,-7.2,15.0,5.7
GCMT_event_EAST_OF_SOUTH_SANDWICH_ISLANDS_Mag_6.0_2007-4-28-14   ,-61.0,-20.1,16.0,6.0
GCMT_event_EAST_OF_SOUTH_SANDWICH_ISLANDS_Mag_6.2_2007-3-8-11    ,-58.1,-7.9,13.0,6.2
GCMT_event_EAST_OF_SOUTH_SANDWICH_ISLANDS_Mag_6.2_2012-4-17-19   ,-59.3,-16.3,13.0,6.2
GCMT_event_EAST_OF_SOUTH_SANDWICH_ISLANDS_Mag_6.6_2013-10-24-19  ,-58.4,-13.7,22.0,6.6
GCMT_event_ETHIOPIA_Mag_5.6_2011-6-17-9                          ,13.5,41.8,12.0,5.6
GCMT_event_GREECE_Mag_5.7_2007-3-25-13                           ,38.4,20.2,12.0,5.7
"GCMT_event_HINDU_KUSH_REGION,_AFGHANISTAN_Mag_5.6_2010-4-18-20   ",35.8,67.5,17.0,5.6
"GCMT_event_HINDU_KUSH_REGION,_AFGHANISTAN_Mag_5.6_2012-12-29-17  ",35.6,70.4,119.0,5.6
"GCMT_event_HINDU_KUSH_REGION,_AFGHANISTAN_Mag_5.7_2010-2-27-23   ",35.8,70.0,115.0,5.7
"GCMT_event_HINDU_KUSH_REGION,_AFGHANISTAN_Mag_5.7_2012-6-11-5    ",36.1,69.2,24.0,5.7
"GCMT_event_HINDU_KUSH_REGION,_AFGHANISTAN_Mag_5.8_2011-3-21-9    ",36.5,70.7,194.0,5.8
"GCMT_event_HINDU_KUSH_REGION,_AFGHANISTAN_Mag_6.6_2009-1-3-20    ",36.4,70.4,205.0,6.6
GCMT_event_IONIAN_SEA_Mag_5.8_2009-11-3-5                        ,37.4,20.2,15.0,5.8
GCMT_event_IRAN-IRAQ_BORDER_REGION_Mag_5.7_2013-11-22-6          ,34.3,45.3,18.0,5.7
GCMT_event_IRAN-IRAQ_BORDER_REGION_Mag_5.8_2008-8-27-21          ,32.2,47.4,12.0,5.8
GCMT_event_LAKE_TANGANYIKA_REGION_Mag_5.8_2007-3-28-21           ,-6.4,29.7,14.0,5.8
GCMT_event_LAKE_TANGANYIKA_REGION_Mag_5.9_2008-2-3-7             ,-2.4,28.8,12.0,5.9
GCMT_event_MAURITIUS_-_REUNION_REGION_Mag_6.0_2008-8-22-7        ,-17.7,65.4,16.0,6.0
GCMT_event_MAURITIUS_-_REUNION_REGION_Mag_6.2_2009-10-12-3       ,-17.1,66.6,14.0,6.2
GCMT_event_MAURITIUS_-_REUNION_REGION_Mag_6.6_2012-7-26-5        ,-17.5,65.9,24.0,6.6
GCMT_event_MID-INDIAN_RIDGE_Mag_5.5_2008-4-12-8                  ,-15.4,67.2,12.0,5.5
GCMT_event_MID-INDIAN_RIDGE_Mag_5.7_2007-3-9-7                   ,-11.6,66.3,12.0,5.7
GCMT_event_MID-INDIAN_RIDGE_Mag_5.7_2009-5-12-12                 ,-12.5,65.2,12.0,5.7
GCMT_event_MID-INDIAN_RIDGE_Mag_5.8_2011-7-26-14                 ,-9.2,67.1,19.0,5.8
GCMT_event_MID-INDIAN_RIDGE_Mag_6.0_2009-1-13-1                  ,-13.6,66.2,12.0,6.0
GCMT_event_NORTHERN_AND_CENTRAL_IRAN_Mag_5.5_2007-6-18-14        ,34.5,50.8,18.0,5.5
GCMT_event_NORTHERN_AND_CENTRAL_IRAN_Mag_5.8_2010-8-27-19        ,35.5,54.5,14.0,5.8
GCMT_event_NORTHERN_AND_CENTRAL_IRAN_Mag_5.8_2012-12-5-17        ,33.4,59.6,15.0,5.8
GCMT_event_NORTHERN_MID-ATLANTIC_RIDGE_Mag_5.5_2007-8-9-17       ,25.9,-45.0,12.0,5.5
GCMT_event_NORTHERN_MID-ATLANTIC_RIDGE_Mag_5.6_2007-2-4-3        ,35.3,-36.1,15.0,5.6
GCMT_event_NORTHERN_MID-ATLANTIC_RIDGE_Mag_5.6_2007-3-4-11       ,33.8,-38.5,14.0,5.6
GCMT_event_NORTHERN_MID-ATLANTIC_RIDGE_Mag_5.6_2008-12-7-6       ,13.4,-44.8,12.0,5.6
GCMT_event_NORTHERN_MID-ATLANTIC_RIDGE_Mag_5.6_2011-8-31-12      ,43.6,-28.9,12.0,5.6
GCMT_event_NORTHERN_MID-ATLANTIC_RIDGE_Mag_5.7_2007-10-18-16     ,30.2,-42.6,12.0,5.7
GCMT_event_NORTHERN_MID-ATLANTIC_RIDGE_Mag_5.7_2007-12-6-17      ,22.8,-45.0,12.0,5.7
GCMT_event_NORTHERN_MID-ATLANTIC_RIDGE_Mag_5.8_2010-2-27-19      ,10.8,-43.4,14.0,5.8
GCMT_event_NORTHERN_MID-ATLANTIC_RIDGE_Mag_6.0_2007-3-1-23       ,26.5,-44.6,12.0,6.0
GCMT_event_NORTHERN_MID-ATLANTIC_RIDGE_Mag_6.0_2009-6-6-20       ,23.9,-46.1,12.0,6.0
GCMT_event_NORTHERN_MID-ATLANTIC_RIDGE_Mag_6.0_2013-9-5-4        ,15.3,-45.0,12.0,6.0
GCMT_event_NORTHERN_MID-ATLANTIC_RIDGE_Mag_6.3_2010-5-25-10      ,35.3,-35.8,15.0,6.3
GCMT_event_NORTHERN_MID-ATLANTIC_RIDGE_Mag_6.5_2013-6-24-22      ,10.9,-42.5,18.0,6.5
GCMT_event_NORTHWESTERN_CAUCASUS_Mag_5.8_2012-12-23-13           ,42.5,41.0,15.0,5.8
GCMT_event_NORTHWESTERN_CAUCASUS_Mag_6.0_2009-9-7-22             ,42.6,43.5,13.0,6.0
GCMT_event_NORTHWEST_OF_MADAGASCAR_Mag_5.8_2008-8-27-6           ,-10.6,41.4,29.0,5.8
GCMT_event_NORTH_OF_ASCENSION_ISLAND_Mag_5.5_2010-7-31-11        ,-0.8,-16.1,12.0,5.5
GCMT_event_NORTH_OF_ASCENSION_ISLAND_Mag_5.6_2012-5-9-14         ,-0.7,-13.4,17.0,5.6
GCMT_event_NORTH_OF_ASCENSION_ISLAND_Mag_5.7_2011-2-12-2         ,0.3,-17.1,15.0,5.7
GCMT_event_NORTH_OF_ASCENSION_ISLAND_Mag_5.7_2011-8-14-1         ,-1.0,-14.4,25.0,5.7
GCMT_event_NORTH_OF_ASCENSION_ISLAND_Mag_5.9_2011-11-29-0        ,-1.3,-15.6,12.0,5.9
GCMT_event_NORTH_OF_ASCENSION_ISLAND_Mag_5.9_2012-4-10-5         ,-0.9,-13.9,20.0,5.9
GCMT_event_NORTH_OF_ASCENSION_ISLAND_Mag_6.2_2007-5-4-12         ,-1.1,-14.9,12.0,6.2
GCMT_event_NORTH_OF_ASCENSION_ISLAND_Mag_6.2_2007-7-31-22        ,0.0,-17.9,21.0,6.2
GCMT_event_NORTH_OF_ASCENSION_ISLAND_Mag_6.3_2008-8-28-15        ,0.2,-17.4,21.0,6.3
GCMT_event_OFF_COAST_OF_PAKISTAN_Mag_5.8_2008-12-25-22           ,23.2,64.4,12.0,5.8
GCMT_event_OWEN_FRACTURE_ZONE_REGION_Mag_5.5_2012-2-4-21         ,13.0,57.5,12.0,5.5
GCMT_event_OWEN_FRACTURE_ZONE_REGION_Mag_5.7_2009-4-15-10        ,12.3,58.0,17.0,5.7
GCMT_event_OWEN_FRACTURE_ZONE_REGION_Mag_5.8_2013-10-2-1         ,11.3,57.4,19.0,5.8
GCMT_event_OWEN_FRACTURE_ZONE_REGION_Mag_5.9_2013-5-27-3         ,14.5,53.7,17.0,5.9
GCMT_event_PAKISTAN_Mag_5.8_2013-9-24-17                         ,27.0,65.5,15.0,5.8
GCMT_event_PAKISTAN_Mag_6.4_2008-10-29-11                        ,30.3,67.6,12.0,6.4
GCMT_event_PRINCE_EDWARD_ISLANDS_REGION_Mag_5.5_2007-1-23-4      ,-43.0,41.8,12.0,5.5
GCMT_event_PRINCE_EDWARD_ISLANDS_REGION_Mag_5.5_2009-11-9-0      ,-43.4,39.7,12.0,5.5
GCMT_event_PRINCE_EDWARD_ISLANDS_REGION_Mag_5.6_2013-9-6-2       ,-46.8,33.6,17.0,5.6
GCMT_event_PRINCE_EDWARD_ISLANDS_REGION_Mag_5.7_2007-2-26-23     ,-44.8,35.4,17.0,5.7
GCMT_event_PRINCE_EDWARD_ISLANDS_REGION_Mag_5.9_2008-5-19-3      ,-47.7,32.2,15.0,5.9
GCMT_event_PRINCE_EDWARD_ISLANDS_REGION_Mag_6.0_2008-3-13-13     ,-45.3,35.1,22.0,6.0
GCMT_event_PRINCE_EDWARD_ISLANDS_REGION_Mag_6.0_2009-6-4-17      ,-45.6,35.0,20.0,6.0
GCMT_event_PRINCE_EDWARD_ISLANDS_REGION_Mag_6.3_2013-7-22-7      ,-45.9,34.9,20.0,6.3
GCMT_event_RED_SEA_Mag_5.5_2013-7-8-15                           ,16.8,40.9,13.0,5.5
GCMT_event_SCOTIA_SEA_Mag_5.5_2007-1-15-7                        ,-61.2,-34.0,12.0,5.5
GCMT_event_SCOTIA_SEA_Mag_5.5_2013-11-16-9                       ,-60.6,-46.8,12.0,5.5
GCMT_event_SOUTHEASTERN_AFGHANISTAN_Mag_5.5_2013-4-24-9          ,34.4,70.5,103.0,5.5
GCMT_event_SOUTHEASTERN_AFGHANISTAN_Mag_6.0_2008-10-5-22         ,33.9,69.5,16.0,6.0
GCMT_event_SOUTHEASTERN_UZBEKISTAN_Mag_5.8_2013-5-26-6           ,39.9,67.3,26.0,5.8
GCMT_event_SOUTHERN_GREECE_Mag_5.6_2008-6-21-11                  ,36.1,21.9,12.0,5.6
GCMT_event_SOUTHERN_GREECE_Mag_5.8_2012-4-16-11                  ,36.4,21.4,25.0,5.8
GCMT_event_SOUTHERN_GREECE_Mag_6.2_2008-1-6-5                    ,37.0,22.9,92.0,6.2
GCMT_event_SOUTHERN_GREECE_Mag_6.4_2008-6-8-12                   ,37.9,21.6,24.0,6.4
GCMT_event_SOUTHERN_GREECE_Mag_6.5_2008-2-14-12                  ,36.3,21.7,15.0,6.5
GCMT_event_SOUTHERN_IRAN_Mag_5.5_2013-5-18-10                    ,26.5,57.6,12.0,5.5
GCMT_event_SOUTHERN_IRAN_Mag_5.6_2013-11-28-13                   ,29.2,51.1,13.0,5.6
GCMT_event_SOUTHERN_IRAN_Mag_5.7_2013-4-17-3                     ,27.9,62.4,46.0,5.7
GCMT_event_SOUTHERN_IRAN_Mag_5.8_2010-7-20-19                    ,26.9,53.6,12.0,5.8
GCMT_event_SOUTHERN_IRAN_Mag_5.9_2010-9-27-11                    ,29.6,51.6,17.0,5.9
GCMT_event_SOUTHERN_IRAN_Mag_6.1_2008-9-10-11                    ,26.6,55.7,12.0,6.1
GCMT_event_SOUTHERN_IRAN_Mag_6.2_2011-1-27-8                     ,28.0,59.0,14.0,6.2
GCMT_event_SOUTHERN_IRAN_Mag_6.3_2013-4-9-11                     ,28.3,51.6,12.0,6.3
GCMT_event_SOUTHERN_MID-ATLANTIC_RIDGE_Mag_5.5_2009-6-27-15      ,-33.1,-15.8,12.0,5.5
GCMT_event_SOUTHERN_MID-ATLANTIC_RIDGE_Mag_5.5_2010-1-6-16       ,-41.7,-16.4,12.0,5.5
GCMT_event_SOUTHERN_MID-ATLANTIC_RIDGE_Mag_5.6_2008-4-27-14      ,-35.4,-16.3,16.0,5.6
GCMT_event_SOUTHERN_MID-ATLANTIC_RIDGE_Mag_5.6_2008-8-17-15      ,-52.9,-4.1,14.0,5.6
GCMT_event_SOUTHERN_MID-ATLANTIC_RIDGE_Mag_5.6_2010-2-26-0       ,-56.0,-4.3,15.0,5.6
GCMT_event_SOUTHERN_MID-ATLANTIC_RIDGE_Mag_5.6_2011-6-7-5        ,-44.4,-15.8,12.0,5.6
GCMT_event_SOUTHERN_MID-ATLANTIC_RIDGE_Mag_5.7_2008-7-15-5       ,-47.6,-11.9,18.0,5.7
GCMT_event_SOUTHERN_MID-ATLANTIC_RIDGE_Mag_5.7_2011-4-24-21      ,-35.5,-16.9,18.0,5.7
GCMT_event_SOUTHERN_MID-ATLANTIC_RIDGE_Mag_5.7_2013-5-16-5       ,-57.8,-6.7,12.0,5.7
GCMT_event_SOUTHERN_MID-ATLANTIC_RIDGE_Mag_5.7_2013-6-7-20       ,-43.9,-15.9,12.0,5.7
GCMT_event_SOUTHERN_MID-ATLANTIC_RIDGE_Mag_5.8_2008-12-20-21     ,-31.2,-13.3,12.0,5.8
GCMT_event_SOUTHERN_MID-ATLANTIC_RIDGE_Mag_5.8_2010-1-27-17      ,-14.0,-14.4,12.0,5.8
GCMT_event_SOUTHERN_MID-ATLANTIC_RIDGE_Mag_5.8_2010-7-20-17      ,-29.1,-13.0,12.0,5.8
GCMT_event_SOUTHWESTERN_PAKISTAN_Mag_5.6_2009-10-25-17           ,29.5,64.1,135.0,5.6
GCMT_event_SOUTHWESTERN_PAKISTAN_Mag_5.8_2011-8-10-0             ,27.6,65.0,58.0,5.8
GCMT_event_SOUTHWEST_INDIAN_RIDGE_Mag_5.6_2012-3-26-16           ,-30.1,60.6,12.0,5.6
GCMT_event_SOUTHWEST_INDIAN_RIDGE_Mag_5.6_2013-6-17-11           ,-36.5,52.4,19.0,5.6
GCMT_event_SOUTHWEST_INDIAN_RIDGE_Mag_5.8_2007-4-7-5             ,-39.8,46.2,18.0,5.8
GCMT_event_SOUTHWEST_INDIAN_RIDGE_Mag_5.8_2013-4-2-14            ,-40.2,45.3,12.0,5.8
GCMT_event_SOUTHWEST_INDIAN_RIDGE_Mag_5.8_2013-8-25-16           ,-33.5,57.0,15.0,5.8
GCMT_event_SOUTHWEST_INDIAN_RIDGE_Mag_6.2_2013-8-17-16           ,-34.9,54.1,12.0,6.2
GCMT_event_SOUTHWEST_OF_AFRICA_Mag_5.9_2008-11-14-2              ,-53.8,9.1,14.0,5.9
GCMT_event_SOUTH_ATLANTIC_OCEAN_Mag_5.8_2012-6-29-15             ,-24.6,-9.7,12.0,5.8
GCMT_event_SOUTH_INDIAN_OCEAN_Mag_5.6_2010-6-11-12               ,-37.2,52.0,12.0,5.6
GCMT_event_SOUTH_OF_AFRICA_Mag_5.6_2013-12-2-12                  ,-53.2,25.7,18.0,5.6
GCMT_event_SOUTH_OF_AFRICA_Mag_5.6_2013-5-18-4                   ,-53.1,22.7,12.0,5.6
GCMT_event_SOUTH_OF_AFRICA_Mag_5.8_2009-2-18-3                   ,-53.0,21.3,12.0,5.8
GCMT_event_SOUTH_OF_AFRICA_Mag_5.9_2011-12-23-19                 ,-52.2,28.4,23.0,5.9
GCMT_event_SOUTH_SANDWICH_ISLANDS_REGION_Mag_5.5_2007-5-30-19    ,-60.6,-26.1,19.0,5.5
GCMT_event_SOUTH_SANDWICH_ISLANDS_REGION_Mag_5.5_2008-7-30-20    ,-60.0,-27.5,145.0,5.5
GCMT_event_SOUTH_SANDWICH_ISLANDS_REGION_Mag_5.5_2010-8-29-6     ,-55.9,-26.7,25.0,5.5
GCMT_event_SOUTH_SANDWICH_ISLANDS_REGION_Mag_5.5_2010-9-4-11     ,-59.3,-25.0,43.0,5.5
GCMT_event_SOUTH_SANDWICH_ISLANDS_REGION_Mag_5.5_2012-1-13-16    ,-60.9,-26.8,12.0,5.5
GCMT_event_SOUTH_SANDWICH_ISLANDS_REGION_Mag_5.5_2013-6-16-2     ,-56.4,-27.0,78.0,5.5
GCMT_event_SOUTH_SANDWICH_ISLANDS_REGION_Mag_5.6_2007-7-31-2     ,-56.1,-27.6,118.0,5.6
GCMT_event_SOUTH_SANDWICH_ISLANDS_REGION_Mag_5.6_2008-1-29-14    ,-59.0,-24.6,36.0,5.6
GCMT_event_SOUTH_SANDWICH_ISLANDS_REGION_Mag_5.6_2008-11-13-15   ,-56.0,-26.9,73.0,5.6
GCMT_event_SOUTH_SANDWICH_ISLANDS_REGION_Mag_5.6_2008-2-3-14     ,-56.4,-26.5,98.0,5.6
GCMT_event_SOUTH_SANDWICH_ISLANDS_REGION_Mag_5.6_2010-3-11-6     ,-57.5,-27.6,285.0,5.6
GCMT_event_SOUTH_SANDWICH_ISLANDS_REGION_Mag_5.6_2010-3-14-22    ,-58.6,-23.3,17.0,5.6
GCMT_event_SOUTH_SANDWICH_ISLANDS_REGION_Mag_5.6_2010-4-25-21    ,-55.6,-27.7,25.0,5.6
GCMT_event_SOUTH_SANDWICH_ISLANDS_REGION_Mag_5.6_2011-8-21-12    ,-56.6,-27.1,108.0,5.6
GCMT_event_SOUTH_SANDWICH_ISLANDS_REGION_Mag_5.7_2008-10-4-7     ,-59.7,-25.4,41.0,5.7
GCMT_event_SOUTH_SANDWICH_ISLANDS_REGION_Mag_5.7_2011-8-16-20    ,-57.4,-25.0,33.0,5.7
GCMT_event_SOUTH_SANDWICH_ISLANDS_REGION_Mag_5.9_2008-5-15-14    ,-58.1,-25.2,36.0,5.9
GCMT_event_SOUTH_SANDWICH_ISLANDS_REGION_Mag_5.9_2010-6-2-1      ,-57.6,-26.1,135.0,5.9
GCMT_event_SOUTH_SANDWICH_ISLANDS_REGION_Mag_5.9_2012-1-22-5     ,-56.8,-24.5,12.0,5.9
GCMT_event_SOUTH_SANDWICH_ISLANDS_REGION_Mag_6.0_2011-7-15-13    ,-61.1,-22.9,12.0,6.0
GCMT_event_SOUTH_SANDWICH_ISLANDS_REGION_Mag_6.0_2013-3-19-3     ,-59.1,-23.9,34.0,6.0
GCMT_event_SOUTH_SANDWICH_ISLANDS_REGION_Mag_6.2_2007-1-20-6     ,-55.3,-29.3,12.0,6.2
GCMT_event_SOUTH_SANDWICH_ISLANDS_REGION_Mag_6.3_2009-2-28-14    ,-61.0,-24.4,17.0,6.3
GCMT_event_SOUTH_SANDWICH_ISLANDS_REGION_Mag_6.3_2010-12-8-5     ,-56.5,-25.5,18.0,6.3
GCMT_event_SOUTH_SANDWICH_ISLANDS_REGION_Mag_6.3_2013-7-26-21    ,-58.1,-23.5,17.0,6.3
GCMT_event_SOUTH_SANDWICH_ISLANDS_REGION_Mag_6.5_2008-2-10-12    ,-61.0,-25.0,12.0,6.5
GCMT_event_SOUTH_SANDWICH_ISLANDS_REGION_Mag_6.7_2009-4-16-14    ,-60.7,-26.6,24.0,6.7
GCMT_event_SPAIN_Mag_6.3_2010-4-11-22                            ,37.1,-3.7,616.0,6.3
GCMT_event_TAJIKISTAN_Mag_6.0_2007-1-8-17                        ,39.9,70.2,22.0,6.0
GCMT_event_TAJIKISTAN_Mag_6.2_2011-7-19-19                       ,40.3,71.4,28.0,6.2
GCMT_event_TANZANIA_Mag_5.6_2007-12-8-19                         ,-7.4,37.5,12.0,5.6
GCMT_event_TANZANIA_Mag_5.9_2007-7-17-14                         ,-2.7,35.9,12.0,5.9
GCMT_event_TANZANIA_Mag_5.9_2009-12-8-3                          ,-9.9,33.9,12.0,5.9
GCMT_event_TRISTAN_DA_CUNHA_REGION_Mag_5.5_2012-9-14-7           ,-39.8,-15.8,12.0,5.5
GCMT_event_TRISTAN_DA_CUNHA_REGION_Mag_5.7_2012-4-21-1           ,-35.4,-15.8,18.0,5.7
GCMT_event_TURKEY_Mag_5.6_2011-10-25-14                          ,38.7,43.5,14.0,5.6
GCMT_event_TURKEY_Mag_5.6_2011-9-22-3                            ,39.7,38.6,16.0,5.6
GCMT_event_TURKEY_Mag_5.7_2007-12-20-9                           ,39.4,33.1,12.0,5.7
GCMT_event_TURKEY_Mag_5.7_2007-2-21-11                           ,38.5,39.2,12.0,5.7
GCMT_event_TURKEY_Mag_5.7_2011-11-9-19                           ,38.3,43.3,13.0,5.7
GCMT_event_TURKEY_Mag_5.9_2011-5-19-20                           ,39.1,29.1,12.0,5.9
GCMT_event_TURKEY_Mag_6.0_2010-3-8-2                             ,38.8,40.0,15.0,6.0
GCMT_event_TURKEY_Mag_6.0_2011-10-23-20                          ,38.5,43.1,12.0,6.0
GCMT_event_TURKEY_Mag_6.1_2012-6-10-12                           ,36.3,29.1,28.0,6.1
GCMT_event_UGANDA_Mag_5.8_2007-6-15-18                           ,1.8,30.7,24.0,5.8
GCMT_event_WESTERN_ARABIAN_PENINSULA_Mag_5.7_2009-5-19-17        ,25.2,37.8,12.0,5.7
GCMT_event_WESTERN_GULF_OF_ADEN_Mag_5.6_2009-11-5-7              ,12.1,46.1,12.0,5.6
GCMT_event_WEST_OF_GIBRALTAR_Mag_5.6_2009-12-17-1                ,36.5,-9.9,47.0,5.6
-----------------------------------------------------------------+-----------------------------,,,,
